Date,Open,High,Low,Close,Volume
2012-01-03,11.0,11.25,10.99,11.13,45709811
2012-01-04,11.15,11.53,11.07,11.3,79725188
2012-01-05,11.33,11.63,11.24,11.59,67877467
2012-01-06,11.74,11.8,11.52,11.71,59840605
2012-01-09,11.83,11.95,11.7,11.8,53981467
2012-01-10,12.0,12.05,11.63,11.8,121750545
2012-01-11,11.74,12.18,11.65,12.07,63806007
2012-01-12,12.16,12.18,11.89,12.14,48687666
2012-01-13,12.01,12.08,11.84,12.04,46388677
2012-01-17,12.2,12.26,11.96,12.02,44398472
2012-01-18,12.03,12.37,12.0,12.34,47102604
2012-01-19,12.48,12.72,12.43,12.61,70894167
2012-01-20,12.55,12.64,12.45,12.59,43705665
2012-01-23,12.69,12.84,12.55,12.66,49388566
2012-01-24,12.56,12.86,12.46,12.82,45768308
2012-01-25,12.8,12.98,12.7,12.93,54021553
2012-01-26,13.03,13.05,12.66,12.79,75470624
2012-01-27,11.96,12.53,11.79,12.21,142155259
2012-01-30,12.06,12.44,12.0,12.29,57752526
2012-01-31,12.47,12.51,12.2,12.42,46425332
2012-02-01,12.73,12.75,12.29,12.33,71668979
2012-02-02,12.4,12.43,12.2,12.26,48347559
2012-02-03,12.47,12.84,12.39,12.79,78851121
2012-02-06,12.85,13.0,12.71,12.96,46363233
2012-02-07,12.93,12.97,12.83,12.88,39413408
2012-02-08,12.91,12.96,12.8,12.84,35352410
2012-02-09,12.89,12.9,12.67,12.69,52290479
2012-02-10,12.52,12.66,12.37,12.44,52507996
2012-02-13,12.74,12.74,12.51,12.54,34474395
2012-02-14,12.46,12.58,12.34,12.48,39641904
2012-02-15,12.47,12.57,12.33,12.38,38174730
2012-02-16,12.38,12.77,12.38,12.74,49166921
2012-02-17,12.84,12.88,12.71,12.75,30777978
2012-02-21,12.74,12.76,12.46,12.53,38436319
2012-02-22,12.49,12.51,12.22,12.28,43325932
2012-02-23,12.27,12.44,12.16,12.4,36747504
2012-02-24,12.43,12.46,12.19,12.23,31399272
2012-02-27,12.11,12.36,11.99,12.3,38703322
2012-02-28,12.34,12.35,12.2,12.25,30789403
2012-02-29,12.28,12.55,12.25,12.38,62093651
2012-03-01,12.48,12.77,12.45,12.66,68263200
2012-03-02,12.74,12.94,12.68,12.72,49064351
2012-03-05,12.67,12.68,12.41,12.46,28438485
2012-03-06,12.23,12.25,12.0,12.09,57374495
2012-03-07,12.21,12.3,12.15,12.24,28440851
2012-03-08,12.41,12.55,12.32,12.46,37130354
2012-03-09,12.53,12.73,12.48,12.58,36162779
2012-03-12,12.57,12.59,12.37,12.43,30275688
2012-03-13,12.48,12.72,12.4,12.7,42783564
2012-03-14,12.64,12.9,12.63,12.88,47578407
2012-03-15,12.9,13.04,12.83,12.9,55316864
2012-03-16,12.86,12.9,12.51,12.51,77123724
2012-03-19,12.52,12.68,12.48,12.63,52445624
2012-03-20,12.48,12.61,12.39,12.54,40217366
2012-03-21,12.59,12.67,12.54,12.57,27528439
2012-03-22,12.48,12.54,12.24,12.32,50125146
2012-03-23,12.31,12.37,12.18,12.32,44759245
2012-03-26,12.45,12.5,12.39,12.48,26756784
2012-03-27,12.51,12.61,12.3,12.32,35070612
2012-03-28,12.35,12.36,12.18,12.32,41051696
2012-03-29,12.33,12.52,12.24,12.5,51039792
2012-03-30,12.55,12.58,12.4,12.48,36391766
2012-04-02,12.5,12.65,12.44,12.62,43966846
2012-04-03,12.71,12.95,12.46,12.64,97034507
2012-04-04,12.46,12.52,12.32,12.5,51507181
2012-04-05,12.38,12.58,12.38,12.47,37939405
2012-04-09,12.26,12.29,12.11,12.22,42515285
2012-04-10,12.19,12.28,11.65,11.79,77373157
2012-04-11,11.99,12.02,11.88,11.91,34757940
2012-04-12,11.94,12.13,11.86,12.07,26988802
2012-04-13,11.98,12.03,11.84,11.92,39707255
2012-04-16,12.01,12.05,11.83,11.88,31903489
2012-04-17,11.98,12.0,11.88,11.91,35994575
2012-04-18,11.81,11.85,11.72,11.79,32328832
2012-04-19,11.81,11.88,11.58,11.66,48172028
2012-04-20,11.71,11.72,11.39,11.41,52630916
2012-04-23,11.15,11.4,11.15,11.35,31311920
2012-04-24,11.61,11.61,11.36,11.39,38656280
2012-04-25,11.51,11.75,11.43,11.73,45185958
2012-04-26,11.71,11.93,11.67,11.87,40894070
2012-04-27,12.03,12.04,11.52,11.6,76455981
2012-04-30,11.42,11.57,11.15,11.28,46156263
2012-05-01,11.25,11.34,11.11,11.23,44020268
2012-05-02,11.16,11.17,11.0,11.1,48572883
2012-05-03,11.13,11.15,10.85,10.92,40243341
2012-05-04,10.84,10.87,10.63,10.67,53268320
2012-05-07,10.53,10.79,10.52,10.66,33246708
2012-05-08,10.6,10.64,10.4,10.61,46195523
2012-05-09,10.48,10.81,10.41,10.69,54512461
2012-05-10,10.83,10.86,10.66,10.71,42526056
2012-05-11,10.61,10.83,10.56,10.58,36568171
2012-05-14,10.41,10.52,10.3,10.32,50225126
2012-05-15,10.34,10.34,10.1,10.15,41923652
2012-05-16,10.23,10.43,10.15,10.16,44321448
2012-05-17,10.16,10.25,10.01,10.01,49660696
2012-05-18,10.08,10.18,9.96,10.01,50571952
2012-05-21,10.02,10.23,10.0,10.2,38137132
2012-05-22,10.25,10.4,10.15,10.19,44295612
2012-05-23,10.32,10.45,10.22,10.41,75648861
2012-05-24,10.5,10.62,10.38,10.59,45334026
2012-05-25,10.61,10.68,10.51,10.6,30441198
2012-05-29,10.69,10.88,10.68,10.84,43785520
2012-05-30,10.73,10.75,10.52,10.66,44601645
2012-05-31,10.62,10.68,10.4,10.56,54328730
2012-06-01,10.33,10.46,10.06,10.12,68237494
2012-06-04,10.15,10.18,9.91,10.04,57311499
2012-06-05,10.01,10.24,9.97,10.19,38326250
2012-06-06,10.29,10.58,10.27,10.57,50461111
2012-06-07,10.73,10.78,10.52,10.55,33846133
2012-06-08,10.48,10.68,10.38,10.66,30816637
2012-06-11,10.77,10.8,10.45,10.45,35811381
2012-06-12,10.47,10.55,10.31,10.5,35145470
2012-06-13,10.39,10.48,10.22,10.3,41384185
2012-06-14,10.27,10.45,10.21,10.41,37539824
2012-06-15,10.4,10.42,10.26,10.35,39461393
2012-06-18,10.35,10.4,10.26,10.34,27379767
2012-06-19,10.37,10.64,10.35,10.56,37162157
2012-06-20,10.58,10.74,10.52,10.65,40811691
2012-06-21,10.65,10.68,10.25,10.27,40062708
2012-06-22,10.35,10.4,10.18,10.19,56547095
2012-06-25,10.13,10.18,9.95,10.01,44299189
2012-06-26,10.06,10.08,9.96,10.01,31895220
2012-06-27,10.05,10.1,9.97,10.02,33283364
2012-06-28,9.93,10.09,9.93,10.09,38649023
2012-06-29,9.95,9.98,9.46,9.59,138158551
2012-07-02,9.5,9.6,9.3,9.39,63406824
2012-07-03,9.53,9.79,9.49,9.6,49629310
2012-07-05,9.67,9.74,9.53,9.57,31783831
2012-07-06,9.47,9.52,9.4,9.5,30362984
2012-07-09,9.46,9.47,9.31,9.45,37441545
2012-07-10,9.5,9.55,9.28,9.35,33523039
2012-07-11,9.33,9.38,9.26,9.33,32034530
2012-07-12,9.26,9.28,9.12,9.13,55110953
2012-07-13,9.16,9.32,9.14,9.27,30249564
2012-07-16,9.22,9.32,9.15,9.26,28840549
2012-07-17,9.28,9.35,9.12,9.34,29516932
2012-07-18,9.38,9.52,9.34,9.38,31009999
2012-07-19,9.45,9.5,9.33,9.35,33614947
2012-07-20,9.28,9.35,9.18,9.21,27973115
2012-07-23,9.08,9.2,9.05,9.17,33779842
2012-07-24,9.17,9.24,8.95,9.06,53519167
2012-07-25,9.17,9.2,8.91,8.97,44341631
2012-07-26,9.05,9.11,8.83,8.96,51818632
2012-07-27,8.99,9.1,8.88,9.0,67989295
2012-07-30,9.04,9.18,9.01,9.1,40966926
2012-07-31,9.13,9.28,9.12,9.24,41384782
2012-08-01,,,,9.24,0
2012-08-02,8.99,9.03,8.82,8.92,45326500
2012-08-03,9.02,9.15,8.96,9.09,38635840
2012-08-06,9.13,9.21,9.09,9.15,23819990
2012-08-07,9.18,9.39,9.18,9.31,43581124
2012-08-08,9.25,9.38,9.24,9.35,22637631
2012-08-09,9.31,9.46,9.3,9.34,30911270
2012-08-10,9.3,9.36,9.23,9.35,19620099
2012-08-13,9.35,9.42,9.25,9.4,21129483
2012-08-14,9.45,9.66,9.42,9.44,47635316
2012-08-15,9.44,9.54,9.41,9.49,21308243
2012-08-16,9.5,9.67,9.49,9.59,34329274
2012-08-17,9.66,9.78,9.6,9.63,34533815
2012-08-20,9.58,9.64,9.51,9.63,38923772
2012-08-21,9.65,9.7,9.52,9.53,26296175
2012-08-22,9.5,9.56,9.4,9.49,26969915
2012-08-23,9.45,9.54,9.42,9.45,23537661
2012-08-24,9.42,9.52,9.41,9.49,19578823
2012-08-27,9.51,9.52,9.38,9.39,22755278
2012-08-28,9.37,9.44,9.31,9.34,23084461
2012-08-29,9.33,9.4,9.29,9.32,26119553
2012-08-30,9.3,9.34,9.25,9.31,16466623
2012-08-31,9.39,9.43,9.31,9.34,28029580
2012-09-04,9.42,9.47,9.35,9.41,37964956
2012-09-05,9.45,9.62,9.39,9.57,40616164
2012-09-06,9.66,9.96,9.66,9.92,68002262
2012-09-07,9.95,10.23,9.93,10.14,60622137
2012-09-10,10.08,10.28,10.06,10.11,43381269
2012-09-11,10.18,10.25,10.13,10.15,28165249
2012-09-12,10.25,10.3,10.17,10.21,28046501
2012-09-13,10.2,10.38,10.12,10.34,50923252
2012-09-14,10.41,10.57,10.39,10.53,55946745
2012-09-17,10.27,10.42,10.26,10.39,31929468
2012-09-18,10.3,10.45,10.28,10.42,34945184
2012-09-19,10.49,10.66,10.45,10.59,42408207
2012-09-20,10.48,10.52,10.35,10.44,28756899
2012-09-21,10.53,10.54,10.36,10.4,35467037
2012-09-24,10.3,10.4,10.26,10.32,28558250
2012-09-25,10.35,10.37,10.06,10.09,36868848
2012-09-26,9.98,10.12,9.86,10.01,44365526
2012-09-27,10.13,10.18,10.02,10.02,25740901
2012-09-28,9.99,10.0,9.81,9.86,44594154
2012-10-01,9.89,10.08,9.88,9.93,33446686
2012-10-02,10.01,10.05,9.71,9.79,63638421
2012-10-03,9.82,10.02,9.76,9.94,51024134
2012-10-04,10.06,10.15,9.96,10.11,46858290
2012-10-05,10.17,10.28,10.13,10.16,40696229
2012-10-08,10.06,10.12,9.99,10.05,25476621
2012-10-09,10.21,10.25,10.02,10.1,38244868
2012-10-10,10.12,10.12,9.95,9.98,33959223
2012-10-11,10.06,10.26,10.05,10.14,39328678
2012-10-12,10.14,10.25,10.09,10.12,24113287
2012-10-15,10.11,10.25,10.09,10.22,26466464
2012-10-16,10.26,10.32,10.22,10.3,32788360
2012-10-17,10.31,10.41,10.26,10.41,29346232
2012-10-18,10.36,10.57,10.33,10.43,44044130
2012-10-19,10.42,10.43,10.13,10.18,40496019
2012-10-22,10.14,10.24,10.03,10.17,39149657
2012-10-23,10.02,10.11,9.97,10.0,32484180
2012-10-24,10.08,10.29,10.01,10.17,49341441
2012-10-25,10.42,10.49,10.28,10.39,59298137
2012-10-26,10.35,10.42,10.22,10.36,43489899
2012-10-31,10.7,11.17,10.6,11.16,137970789
2012-11-01,11.19,11.3,10.88,11.25,88770053
2012-11-02,11.31,11.38,11.15,11.17,53408605
2012-11-05,11.15,11.35,11.13,11.25,38004091
2012-11-06,11.33,11.59,11.26,11.42,51232169
2012-11-07,11.25,11.34,11.04,11.06,56679828
2012-11-08,11.07,11.23,10.89,10.9,45949474
2012-11-09,10.76,11.1,10.71,10.93,40705668
2012-11-12,11.03,11.16,10.96,10.97,25723034
2012-11-13,10.89,11.1,10.86,11.0,33348310
2012-11-14,11.02,11.05,10.62,10.67,45664660
2012-11-15,10.57,10.8,10.46,10.57,48895302
2012-11-16,10.58,10.64,10.38,10.5,45346501
2012-11-19,10.65,10.9,10.65,10.83,39359184
2012-11-20,10.85,11.02,10.76,10.85,34745028
2012-11-21,10.84,11.0,10.8,10.92,21184553
2012-11-23,10.98,11.1,10.96,11.1,16032160
2012-11-26,11.05,11.14,10.97,11.1,26831692
2012-11-27,11.1,11.27,11.1,11.1,37615831
2012-11-28,11.05,11.26,10.98,11.25,38496829
2012-11-29,11.32,11.53,11.32,11.53,57289231
2012-11-30,11.52,11.6,11.33,11.45,41336004
2012-12-03,11.56,11.7,11.4,11.41,47748982
2012-12-04,11.4,11.44,11.23,11.31,37766966
2012-12-05,11.32,11.4,11.18,11.31,33156540
2012-12-06,11.26,11.31,11.19,11.24,31068892
2012-12-07,11.27,11.5,11.26,11.48,38411368
2012-12-10,11.41,11.53,11.41,11.47,26028557
2012-12-11,11.51,11.58,11.4,11.49,36329407
2012-12-12,11.52,11.56,11.43,11.47,31104469
2012-12-13,11.46,11.5,11.21,11.27,35445838
2012-12-14,11.27,11.27,11.03,11.1,36936323
2012-12-17,11.16,11.41,11.14,11.39,46998706
2012-12-18,11.48,11.68,11.4,11.67,61814946
2012-12-19,11.79,11.85,11.62,11.73,54886619
2012-12-20,11.74,11.8,11.58,11.77,47756287
2012-12-21,11.55,11.86,11.47,11.86,94519480
2012-12-24,11.67,12.4,11.67,12.4,91734838
2012-12-26,12.31,12.79,12.31,12.79,140331857
2012-12-27,12.79,12.81,12.36,12.76,108315027
2012-12-28,12.54,12.88,12.52,12.87,95668559
2012-12-31,12.88,13.08,12.76,12.95,106936306
2013-01-02,13.23,13.28,13.0,13.2,75274979
2013-01-03,13.24,13.7,13.05,13.46,121284681
2013-01-04,13.51,13.61,13.35,13.57,54674987
2013-01-07,13.52,13.58,13.35,13.43,43482370
2013-01-08,13.38,13.43,13.2,13.35,46336615
2013-01-09,13.4,13.6,13.39,13.47,36980742
2013-01-10,13.78,13.94,13.68,13.83,84885422
2013-01-11,14.0,14.07,13.9,14.0,67646787
2013-01-14,14.04,14.08,13.86,13.99,46224784
2013-01-15,13.91,14.3,13.89,14.3,55424950
2013-01-16,14.16,14.25,14.01,14.22,51453381
2013-01-17,14.27,14.3,14.07,14.22,44299777
2013-01-18,14.1,14.13,13.97,14.11,45726597
2013-01-22,14.06,14.19,14.0,14.17,35475103
2013-01-23,14.0,14.02,13.79,13.88,58122134
2013-01-24,13.82,13.98,13.81,13.87,42536100
2013-01-25,13.83,13.84,13.64,13.68,53405308
2013-01-28,13.49,13.82,13.42,13.78,51190789
2013-01-29,13.56,13.61,12.89,13.14,131148806
2013-01-30,13.01,13.2,12.89,12.93,59595828
2013-01-31,12.86,13.02,12.67,12.95,65925358
2013-02-01,13.1,13.13,12.94,13.02,45225661
2013-02-04,12.94,13.0,12.86,12.88,32709302
2013-02-05,12.97,13.25,12.94,13.18,39122700
2013-02-06,13.13,13.27,13.05,13.2,33529998
2013-02-07,13.26,13.31,13.0,13.07,33987445
2013-02-08,13.1,13.16,13.05,13.1,18613281
2013-02-11,13.06,13.2,13.02,13.11,17692091
2013-02-12,13.12,13.2,13.05,13.08,26243299
2013-02-13,13.11,13.14,12.99,13.04,24513057
2013-02-14,13.0,13.17,12.96,13.11,33496430
2013-02-15,13.14,13.14,13.01,13.02,32449504
2013-02-19,13.04,13.09,12.9,12.99,31092172
2013-02-20,12.95,12.98,12.57,12.6,50381862
2013-02-21,12.51,12.51,12.3,12.39,43735721
2013-02-22,12.44,12.5,12.31,12.48,23874588
2013-02-25,12.53,12.57,12.1,12.13,38631331
2013-02-26,12.24,12.35,12.11,12.34,29194291
2013-02-27,12.35,12.85,12.35,12.76,51580730
2013-02-28,12.78,12.87,12.6,12.61,37696963
2013-03-01,12.56,12.75,12.38,12.61,38807257
2013-03-04,12.55,12.75,12.53,12.75,24347037
2013-03-05,12.87,12.98,12.79,12.87,26869986
2013-03-06,12.97,13.0,12.85,12.89,28953328
2013-03-07,12.89,12.91,12.77,12.83,27712234
2013-03-08,12.94,12.99,12.8,12.98,24719817
2013-03-11,12.97,13.4,12.9,13.34,48696891
2013-03-12,13.37,13.47,13.17,13.39,46047560
2013-03-13,13.37,13.45,13.35,13.4,26467775
2013-03-14,13.43,13.45,13.37,13.43,31658247
2013-03-15,13.31,13.45,13.26,13.45,63020566
2013-03-18,13.16,13.39,12.8,13.26,36877663
2013-03-19,13.27,13.35,13.09,13.16,37639927
2013-03-20,13.22,13.4,13.18,13.36,32693970
2013-03-21,13.25,13.42,13.23,13.26,29740265
2013-03-22,13.24,13.31,13.2,13.26,21423866
2013-03-25,13.31,13.4,13.26,13.29,27244507
2013-03-26,13.35,13.37,13.24,13.31,24241255
2013-03-27,13.23,13.25,13.1,13.22,26240589
2013-03-28,13.24,13.24,13.1,13.15,25474731
2013-04-01,13.01,13.15,12.9,12.9,32966117
2013-04-02,13.0,13.19,12.96,13.01,35197488
2013-04-03,13.05,13.05,12.59,12.68,45191908
2013-04-04,12.68,12.78,12.45,12.65,29808049
2013-04-05,12.43,12.5,12.15,12.44,42610678
2013-04-08,12.45,12.83,12.4,12.78,23891018
2013-04-09,12.85,12.96,12.75,12.8,29826101
2013-04-10,12.87,13.13,12.82,13.12,31095580
2013-04-11,13.15,13.58,13.13,13.55,51493264
2013-04-12,13.43,13.55,13.26,13.53,37956247
2013-04-15,13.36,13.46,12.91,12.95,55886297
2013-04-16,13.17,13.24,13.0,13.12,36346119
2013-04-17,12.97,13.05,12.8,12.92,44583548
2013-04-18,12.94,12.98,12.65,12.75,34884614
2013-04-19,12.88,12.97,12.75,12.93,26972696
2013-04-22,12.97,13.08,12.8,13.06,26089760
2013-04-23,13.12,13.45,13.11,13.36,40082561
2013-04-24,13.48,13.54,13.12,13.33,46035817
2013-04-25,13.4,13.56,13.35,13.47,42025162
2013-04-26,13.52,13.76,13.45,13.67,43817859
2013-04-29,13.73,13.76,13.57,13.66,20670649
2013-04-30,13.66,13.74,13.52,13.71,24864640
2013-05-01,13.64,13.78,13.35,13.38,39353961
2013-05-02,13.54,13.55,13.38,13.41,33982885
2013-05-03,13.58,13.83,13.57,13.83,45935157
2013-05-06,13.86,14.15,13.83,14.09,53821305
2013-05-07,14.2,14.25,14.09,14.19,42076994
2013-05-08,14.15,14.24,14.1,14.21,33340148
2013-05-09,14.19,14.26,14.16,14.2,30576820
2013-05-10,14.21,14.23,14.02,14.11,30887495
2013-05-13,14.1,14.12,13.92,14.01,22763720
2013-05-14,14.0,14.3,13.98,14.27,32394467
2013-05-15,14.28,14.77,14.27,14.67,56874913
2013-05-16,14.77,14.85,14.6,14.64,40931349
2013-05-17,14.79,15.15,14.75,15.08,59748157
2013-05-20,15.01,15.23,15.0,15.05,34582931
2013-05-21,15.07,15.22,14.75,14.95,61840257
2013-05-22,15.08,15.32,14.86,14.97,67177911
2013-05-23,14.5,14.94,14.37,14.81,49131116
2013-05-24,14.71,14.88,14.66,14.79,25291612
2013-05-28,15.22,15.35,15.1,15.28,59250415
2013-05-29,15.27,15.72,15.24,15.63,65167317
2013-05-30,15.76,16.02,15.74,15.9,61804939
2013-05-31,15.88,16.04,15.68,15.68,52118915
2013-06-03,15.93,16.08,15.51,15.89,59023547
2013-06-04,15.98,16.09,15.63,15.78,50273310
2013-06-05,15.7,15.71,15.18,15.25,64862392
2013-06-06,15.25,15.48,15.06,15.44,54820077
2013-06-07,15.58,15.76,15.46,15.73,37107776
2013-06-10,15.86,15.9,15.6,15.71,29589984
2013-06-11,15.52,15.68,15.4,15.51,35334834
2013-06-12,15.63,15.71,15.31,15.37,36213590
2013-06-13,15.31,15.6,15.18,15.58,34327479
2013-06-14,15.52,15.57,15.35,15.37,27152888
2013-06-17,15.53,15.72,15.44,15.55,31359990
2013-06-18,15.54,15.71,15.44,15.65,25959707
2013-06-19,15.6,15.62,15.31,15.32,35997899
2013-06-20,15.19,15.28,14.75,14.82,57317740
2013-06-21,15.02,15.06,14.59,15.0,48242170
2013-06-24,14.67,14.83,14.3,14.67,58604767
2013-06-25,14.85,15.0,14.84,14.97,34037202
2013-06-26,15.16,15.31,15.1,15.29,39603739
2013-06-27,15.43,15.7,15.39,15.65,35859602
2013-06-28,15.56,15.65,15.44,15.47,45071327
2013-07-01,15.61,15.79,15.56,15.74,36012492
2013-07-02,15.76,16.21,15.69,16.18,70277383
2013-07-03,16.15,16.45,16.14,16.43,38114464
2013-07-05,16.53,16.74,16.48,16.7,44732244
2013-07-08,16.85,16.93,16.75,16.81,42020774
2013-07-09,16.86,16.94,16.72,16.84,33770384
2013-07-10,16.76,16.88,16.65,16.72,38164691
2013-07-11,16.95,16.99,16.86,16.98,34601765
2013-07-12,16.98,17.11,16.97,17.11,27306032
2013-07-15,17.24,17.29,17.1,17.12,26663467
2013-07-16,16.95,16.95,16.41,16.6,63282542
2013-07-17,16.64,16.83,16.62,16.78,27888019
2013-07-18,16.82,16.98,16.78,16.93,24606383
2013-07-19,16.89,16.89,16.65,16.76,29593880
2013-07-22,16.87,17.04,16.83,17.04,28747564
2013-07-23,17.16,17.17,16.82,16.94,35019062
2013-07-24,17.48,17.68,17.25,17.37,78609334
2013-07-25,17.26,17.27,16.88,16.96,51596223
2013-07-26,16.92,17.13,16.9,17.02,30356128
2013-07-29,17.08,17.19,17.05,17.08,27831435
2013-07-30,17.19,17.25,17.06,17.08,25879793
2013-07-31,17.09,17.15,16.84,16.88,42167282
2013-08-01,17.04,17.21,16.95,17.19,39519529
2013-08-02,17.15,17.5,17.12,17.5,32234781
2013-08-05,17.44,17.5,17.11,17.19,53812955
2013-08-06,17.18,17.23,17.0,17.03,29013933
2013-08-07,16.95,16.96,16.72,16.77,33058014
2013-08-08,16.94,17.03,16.87,16.98,26626154
2013-08-09,16.95,17.11,16.94,17.02,25640699
2013-08-12,16.91,17.14,16.89,17.07,23170601
2013-08-13,17.15,17.21,16.96,17.06,22371904
2013-08-14,17.04,17.06,16.85,16.89,29255631
2013-08-15,16.71,16.73,16.22,16.43,55905236
2013-08-16,16.45,16.6,16.22,16.3,30477287
2013-08-19,16.29,16.31,16.11,16.12,28013524
2013-08-20,16.06,16.36,15.82,16.31,42599238
2013-08-21,16.31,16.42,16.11,16.25,34926512
2013-08-22,16.29,16.49,16.25,16.41,16471896
2013-08-23,16.47,16.52,16.35,16.45,21547927
2013-08-26,16.44,16.62,16.38,16.41,24792587
2013-08-27,16.16,16.18,15.85,15.88,44005234
2013-08-28,15.86,16.15,15.71,16.02,37035369
2013-08-29,16.21,16.66,16.15,16.5,47727543
2013-08-30,16.58,16.59,16.12,16.19,40290569
2013-09-03,16.42,16.54,16.21,16.34,33457667
2013-09-04,16.38,17.02,16.37,16.91,69543347
2013-09-05,17.1,17.35,17.03,17.3,55979780
2013-09-06,17.33,17.34,16.82,17.0,61743596
2013-09-09,17.11,17.41,17.1,17.31,38516902
2013-09-10,17.49,17.68,17.37,17.55,45861816
2013-09-11,17.5,17.58,17.39,17.54,32865544
2013-09-12,17.55,17.56,17.31,17.39,26855331
2013-09-13,17.45,17.49,17.28,17.35,21581414
2013-09-16,17.53,17.59,17.3,17.35,27078925
2013-09-17,17.35,17.45,17.3,17.44,23176278
2013-09-18,17.36,17.77,17.34,17.62,45175026
2013-09-19,17.75,17.77,17.51,17.66,30750335
2013-09-20,17.71,17.71,17.3,17.39,47961983
2013-09-23,17.27,17.35,16.98,17.2,42739876
2013-09-24,17.23,17.4,17.08,17.26,33788944
2013-09-25,17.25,17.4,17.16,17.19,31638500
2013-09-26,17.26,17.38,17.12,17.27,32360852
2013-09-27,17.17,17.2,17.0,17.05,34024213
2013-09-30,16.77,17.01,16.69,16.87,36511331
2013-10-01,16.93,17.34,16.92,17.19,41816955
2013-10-02,17.09,17.22,16.95,17.21,29527297
2013-10-03,17.11,17.17,16.76,16.95,36628838
2013-10-04,16.97,17.14,16.94,17.09,24997202
2013-10-07,16.86,16.95,16.81,16.81,30339569
2013-10-08,16.83,16.85,16.45,16.5,45491260
2013-10-09,16.51,16.74,16.35,16.62,50838247
2013-10-10,16.87,17.0,16.83,16.93,46955720
2013-10-11,17.02,17.12,16.88,17.11,30814195
2013-10-14,16.93,17.25,16.92,17.18,31229631
2013-10-15,17.18,17.21,16.95,16.97,39294096
2013-10-16,17.08,17.29,17.03,17.29,33098327
2013-10-17,17.24,17.49,17.24,17.46,26889382
2013-10-18,17.52,17.55,17.43,17.53,23022146
2013-10-21,17.59,17.6,17.41,17.5,22159654
2013-10-22,17.55,17.68,17.44,17.6,30226515
2013-10-23,17.66,17.71,17.39,17.52,45496200
2013-10-24,18.01,18.02,17.64,17.76,71402545
2013-10-25,17.84,17.85,17.42,17.6,47515737
2013-10-28,17.66,17.72,17.52,17.57,37323019
2013-10-29,17.57,17.62,17.41,17.61,36931547
2013-10-30,17.62,17.64,17.25,17.34,39898538
2013-10-31,17.29,17.33,17.1,17.11,38742669
2013-11-01,17.24,17.24,16.76,16.89,52492989
2013-11-04,16.97,17.01,16.78,17.0,33974656
2013-11-05,16.89,17.14,16.83,17.09,43523805
2013-11-06,17.16,17.2,16.85,16.91,37052438
2013-11-07,16.91,16.92,16.53,16.55,47526874
2013-11-08,16.66,16.87,16.61,16.85,38987344
2013-11-11,16.87,17.14,16.73,16.89,29561199
2013-11-12,16.8,16.85,16.66,16.72,31432341
2013-11-13,16.66,17.1,16.64,17.1,39159991
2013-11-14,17.12,17.2,17.01,17.09,35559912
2013-11-15,17.13,17.15,17.0,17.07,33105205
2013-11-18,17.07,17.18,16.92,16.98,31231282
2013-11-19,16.99,17.03,16.82,16.87,26841783
2013-11-20,16.89,17.08,16.84,16.92,31087637
2013-11-21,17.01,17.15,16.98,17.09,33051191
2013-11-22,17.12,17.14,17.0,17.01,29794776
2013-11-25,17.1,17.14,16.93,16.94,25129544
2013-11-26,17.05,17.05,16.85,16.87,26440554
2013-11-27,16.86,17.09,16.81,17.03,31559712
2013-11-29,17.06,17.18,17.04,17.08,14918840
2013-12-02,17.12,17.2,17.03,17.06,27749579
2013-12-03,17.05,17.2,16.42,16.56,74867006
2013-12-04,16.61,16.76,16.49,16.62,40104004
2013-12-05,16.66,16.86,16.52,16.74,44793782
2013-12-06,16.92,16.95,16.62,16.7,33263140
2013-12-09,16.68,16.79,16.5,16.56,34379294
2013-12-10,16.55,16.69,16.51,16.53,30523595
2013-12-11,16.54,16.61,16.33,16.41,37848806
2013-12-12,16.36,16.46,16.2,16.39,30945439
2013-12-13,16.48,16.79,16.46,16.59,48535508
2013-12-16,16.72,16.94,16.71,16.86,38001844
2013-12-17,16.86,16.99,16.66,16.7,40555838
2013-12-18,15.99,16.0,15.17,15.65,220362796
2013-12-19,15.5,15.5,15.25,15.3,84659737
2013-12-20,15.35,15.5,15.32,15.42,61508271
2013-12-23,15.49,15.5,15.12,15.15,59222326
2013-12-24,15.2,15.23,15.1,15.19,22642196
2013-12-26,15.23,15.34,15.22,15.33,24966315
2013-12-27,15.35,15.35,15.25,15.3,21841879
2013-12-30,15.36,15.42,15.25,15.28,32838079
2013-12-31,15.29,15.43,15.26,15.43,27836412
2014-01-02,15.42,15.45,15.28,15.44,31544161
2014-01-03,15.52,15.64,15.3,15.51,46128798
2014-01-06,15.72,15.76,15.52,15.58,42672711
2014-01-07,15.73,15.74,15.35,15.38,54797493
2014-01-08,15.6,15.71,15.51,15.54,48519024
2014-01-09,15.83,16.02,15.77,15.84,68016443
2014-01-10,16.01,16.11,15.94,16.07,45141418
2014-01-13,16.37,16.53,16.08,16.11,57736069
2014-01-14,16.31,16.43,16.17,16.4,44158912
2014-01-15,16.37,16.73,16.35,16.7,64167826
2014-01-16,16.67,16.76,16.56,16.73,38469015
2014-01-17,16.78,16.78,16.45,16.52,37283693
2014-01-21,16.64,16.68,16.36,16.41,35695984
2014-01-22,16.44,16.62,16.37,16.55,28873495
2014-01-23,16.49,16.53,16.31,16.43,37967030
2014-01-24,16.19,16.21,15.78,15.83,66257584
2014-01-27,15.9,15.91,15.52,15.71,51362330
2014-01-28,15.97,16.01,15.51,15.72,57854595
2014-01-29,15.48,15.53,15.2,15.26,52359616
2014-01-30,15.43,15.45,15.18,15.25,32712080
2014-01-31,15.09,15.1,14.9,14.96,64223473
2014-02-03,15.0,15.0,14.4,14.55,92458982
2014-02-04,14.57,14.93,14.45,14.87,55444561
2014-02-05,14.93,14.93,14.5,14.73,45571821
2014-02-06,14.57,14.85,14.53,14.85,47659208
2014-02-07,14.94,15.13,14.94,14.97,38649934
2014-02-10,15.05,15.06,14.78,14.84,36280458
2014-02-11,14.91,15.01,14.82,14.96,43604028
2014-02-12,15.09,15.12,14.99,15.0,30597596
2014-02-13,14.9,15.09,14.88,15.08,27131381
2014-02-14,15.12,15.36,15.03,15.24,34400611
2014-02-18,15.38,15.45,15.28,15.39,32322743
2014-02-19,15.31,15.49,15.21,15.25,26345821
2014-02-20,15.27,15.3,15.15,15.27,20654509
2014-02-21,15.27,15.31,15.11,15.16,30089853
2014-02-24,15.18,15.36,15.12,15.18,30629450
2014-02-25,15.21,15.29,15.11,15.15,26479906
2014-02-26,15.14,15.46,15.07,15.26,34966174
2014-02-27,15.22,15.43,15.16,15.39,25822500
2014-02-28,15.33,15.41,15.23,15.39,35692576
2014-03-03,15.2,15.32,15.03,15.2,42914671
2014-03-04,15.33,15.39,15.26,15.37,33116978
2014-03-05,15.38,15.67,15.36,15.63,33000463
2014-03-06,15.72,15.83,15.66,15.67,26660880
2014-03-07,15.72,15.8,15.54,15.62,23726212
2014-03-10,15.5,15.64,15.45,15.51,30529475
2014-03-11,15.49,15.52,15.17,15.3,34681984
2014-03-12,15.24,15.42,15.15,15.4,31278451
2014-03-13,15.46,15.46,15.1,15.18,34344086
2014-03-14,15.18,15.25,15.06,15.08,26943258
2014-03-17,15.18,15.33,15.16,15.28,26929074
2014-03-18,15.29,15.57,15.28,15.49,28324233
2014-03-19,15.51,15.55,15.35,15.48,24374283
2014-03-20,15.45,15.55,15.37,15.55,21203080
2014-03-21,15.73,15.74,15.45,15.47,31763321
2014-03-24,15.48,15.54,15.3,15.39,27033551
2014-03-25,15.42,15.46,15.29,15.33,24656682
2014-03-26,15.38,15.44,15.23,15.25,24444055
2014-03-27,15.25,15.38,15.17,15.25,28244793
2014-03-28,15.32,15.58,15.31,15.45,36615051
2014-03-31,15.6,15.63,15.48,15.6,27054549
2014-04-01,15.67,16.46,15.67,16.32,84938937
2014-04-02,16.25,16.49,16.15,16.46,39927114
2014-04-03,16.46,16.49,16.34,16.39,26108319
2014-04-04,16.49,16.49,16.11,16.13,30524895
2014-04-07,16.08,16.17,15.86,15.94,28112902
2014-04-08,15.99,16.16,15.92,16.1,26836366
2014-04-09,16.0,16.08,15.75,15.84,36882845
2014-04-10,15.9,15.91,15.59,15.63,31254932
2014-04-11,15.8,15.93,15.6,15.63,39337243
2014-04-14,15.73,15.77,15.53,15.7,20414693
2014-04-15,15.77,15.88,15.66,15.84,28666175
2014-04-16,15.94,16.07,15.9,16.07,21861208
2014-04-17,15.99,16.1,15.99,16.0,17657937
2014-04-21,16.01,16.08,15.9,15.98,24911768
2014-04-22,15.96,16.18,15.93,16.1,18916815
2014-04-23,16.08,16.32,16.08,16.23,19808733
2014-04-24,16.41,16.44,16.2,16.32,27453234
2014-04-25,15.81,15.9,15.71,15.78,53874192
2014-04-28,15.94,16.05,15.75,15.97,33030096
2014-04-29,16.0,16.15,15.91,16.12,27163734
2014-04-30,16.03,16.18,15.92,16.15,26524968
2014-05-01,16.15,16.2,15.85,15.91,30722099
2014-05-02,15.95,15.98,15.8,15.9,22182779
2014-05-05,15.81,15.87,15.71,15.74,25127144
2014-05-06,15.74,15.76,15.53,15.56,23289128
2014-05-07,15.63,15.63,15.43,15.46,32181828
2014-05-08,15.54,15.95,15.51,15.81,36794779
2014-05-09,15.73,15.9,15.73,15.77,25172568
2014-05-12,15.81,15.9,15.78,15.84,17164707
2014-05-13,15.85,15.9,15.75,15.86,16509281
2014-05-14,15.85,15.89,15.75,15.75,15087866
2014-05-15,15.74,15.75,15.55,15.69,27244262
2014-05-16,15.7,15.86,15.56,15.76,25639225
2014-05-19,15.72,15.94,15.72,15.92,17368319
2014-05-20,15.9,15.93,15.74,15.77,20348850
2014-05-21,15.82,15.98,15.8,15.91,17811407
2014-05-22,15.85,16.03,15.85,15.91,24848656
2014-05-23,15.91,16.03,15.9,16.02,17004403
2014-05-27,16.09,16.2,16.05,16.16,21034686
2014-05-28,16.17,16.36,16.15,16.31,23241418
2014-05-29,16.4,16.56,16.37,16.54,42832478
2014-05-30,16.4,16.54,16.37,16.44,23065423
2014-06-02,16.51,16.51,16.38,16.44,17975088
2014-06-03,16.46,16.72,16.45,16.55,32581740
2014-06-04,16.55,16.85,16.46,16.79,33699592
2014-06-05,16.82,16.89,16.6,16.68,34825926
2014-06-06,16.67,17.08,16.67,17.08,38583389
2014-06-09,17.01,17.12,17.0,17.0,23144349
2014-06-10,17.01,17.08,16.99,17.01,21980136
2014-06-11,16.97,17.01,16.88,16.9,21409229
2014-06-12,16.89,16.93,16.5,16.52,28544500
2014-06-13,16.53,16.65,16.5,16.56,20323354
2014-06-16,16.47,16.68,16.38,16.63,22219572
2014-06-17,16.58,16.8,16.53,16.79,17785415
2014-06-18,16.79,16.85,16.62,16.83,22925751
2014-06-19,16.87,16.87,16.76,16.78,16728501
2014-06-20,16.87,16.87,16.65,16.67,29981435
2014-06-23,16.7,16.92,16.68,16.88,23084402
2014-06-24,16.84,17.2,16.83,16.97,37736474
2014-06-25,16.95,17.26,16.92,17.2,37496685
2014-06-26,17.27,17.27,17.05,17.2,22193690
2014-06-27,17.18,17.29,17.14,17.28,31418644
2014-06-30,17.3,17.35,17.2,17.24,24099967
2014-07-01,17.34,17.4,17.07,17.21,36171515
2014-07-02,17.19,17.3,17.17,17.22,17002931
2014-07-03,17.23,17.34,17.22,17.32,13581223
2014-07-07,17.19,17.4,17.19,17.32,20271602
2014-07-08,17.22,17.24,17.05,17.11,23332243
2014-07-09,17.16,17.45,17.14,17.43,27036963
2014-07-10,17.2,17.39,17.17,17.3,20165185
2014-07-11,17.31,17.49,17.29,17.47,20149953
2014-07-14,17.51,17.6,17.45,17.55,20455228
2014-07-15,17.55,17.65,17.45,17.54,22631089
2014-07-16,17.66,17.87,17.62,17.8,36065737
2014-07-17,17.66,18.08,17.64,17.74,47287297
2014-07-18,17.8,17.84,17.65,17.72,24838797
2014-07-21,17.65,17.9,17.65,17.7,19200500
2014-07-22,17.77,17.86,17.67,17.82,24547298
2014-07-23,17.83,17.95,17.78,17.78,30932482
2014-07-24,18.01,18.12,17.68,17.84,53837956
2014-07-25,17.9,17.92,17.51,17.62,34499753
2014-07-28,17.62,17.71,17.47,17.64,29662377
2014-07-29,17.65,17.85,17.54,17.57,32972797
2014-07-30,17.52,17.6,17.32,17.46,30169696
2014-07-31,17.3,17.33,17.01,17.02,34170628
2014-08-01,17.05,17.18,16.72,16.81,33677955
2014-08-04,16.96,17.14,16.94,17.02,24871286
2014-08-05,16.94,17.14,16.78,16.87,24851172
2014-08-06,16.74,17.08,16.74,16.98,21872932
2014-08-07,17.04,17.1,16.77,16.82,19997660
2014-08-08,16.8,17.12,16.75,17.09,29370435
2014-08-11,17.17,17.24,17.11,17.17,17814865
2014-08-12,17.15,17.41,17.14,17.21,25514846
2014-08-13,17.48,17.48,17.32,17.42,26177837
2014-08-14,17.4,17.48,17.23,17.43,19733501
2014-08-15,17.49,17.49,17.17,17.31,20959569
2014-08-18,17.38,17.52,17.38,17.43,17174948
2014-08-19,17.51,17.52,17.32,17.36,15899353
2014-08-20,17.35,17.43,17.25,17.41,14207276
2014-08-21,17.43,17.49,17.37,17.4,15051296
2014-08-22,17.32,17.39,17.15,17.17,20294769
2014-08-25,17.21,17.29,17.2,17.23,10770252
2014-08-26,17.26,17.35,17.19,17.19,12167204
2014-08-27,17.23,17.4,17.21,17.36,18221103
2014-08-28,17.27,17.45,17.21,17.42,16855014
2014-08-29,17.47,17.49,17.39,17.41,15374784
2014-09-02,17.48,17.62,17.48,17.6,18538339
2014-09-03,17.71,17.87,17.44,17.47,25723888
2014-09-04,17.46,17.63,17.19,17.27,20733686
2014-09-05,17.3,17.3,16.94,17.14,29801662
2014-09-08,16.74,16.87,16.71,16.8,47565253
2014-09-09,16.79,16.82,16.59,16.63,26656592
2014-09-10,16.65,16.72,16.61,16.63,16644382
2014-09-11,16.59,16.67,16.51,16.66,14670061
2014-09-12,16.64,16.68,16.5,16.59,16512713
2014-09-15,16.56,16.62,16.42,16.47,23691587
2014-09-16,16.38,16.53,16.16,16.52,23772607
2014-09-17,16.59,16.7,16.52,16.53,25366299
2014-09-18,16.54,16.65,16.5,16.58,19453018
2014-09-19,16.68,16.77,16.58,16.65,35008506
2014-09-22,16.58,16.61,16.34,16.36,23800260
2014-09-23,16.31,16.35,16.14,16.17,28285137
2014-09-24,16.24,16.45,16.24,16.41,22021636
2014-09-25,16.4,16.4,16.17,16.2,19054868
2014-09-26,16.23,16.33,16.18,16.33,20432094
2014-09-29,16.15,16.4,14.83,15.11,82938687
2014-09-30,15.01,15.15,14.49,14.79,115056660
2014-10-01,14.77,14.83,14.56,14.59,55948262
2014-10-02,14.66,14.67,14.44,14.56,37788366
2014-10-03,14.66,14.69,14.5,14.59,38177484
2014-10-06,14.66,14.7,14.5,14.52,23974313
2014-10-07,14.47,14.49,14.08,14.1,42850710
2014-10-08,14.07,14.24,13.62,14.21,50319286
2014-10-09,14.21,14.22,13.8,13.84,31768462
2014-10-10,13.71,13.92,13.52,13.79,41079514
2014-10-13,13.78,13.88,13.52,13.54,37691699
2014-10-14,13.6,14.04,13.54,13.78,43397327
2014-10-15,13.59,13.77,13.26,13.62,46496966
2014-10-16,13.39,14.06,13.36,13.98,41382155
2014-10-17,14.2,14.25,13.97,14.02,31547970
2014-10-20,14.04,14.18,13.95,14.17,18972604
2014-10-21,14.26,14.28,14.1,14.26,29926800
2014-10-22,14.29,14.33,14.08,14.13,24285220
2014-10-23,14.3,14.49,14.28,14.4,30418358
2014-10-24,14.41,14.44,13.65,13.78,91944005
2014-10-27,13.87,13.89,13.68,13.82,61472177
2014-10-28,13.89,14.16,13.86,14.16,36821785
2014-10-29,14.14,14.18,13.76,13.91,31263938
2014-10-30,13.88,13.96,13.68,13.95,25505958
2014-10-31,14.13,14.15,14.04,14.09,37277819
2014-11-03,14.1,14.17,13.94,13.99,31589885
2014-11-04,13.94,14.0,13.86,13.95,19695724
2014-11-05,14.03,14.05,13.87,13.94,26042808
2014-11-06,13.92,14.22,13.92,14.19,36431748
2014-11-07,14.22,14.27,14.13,14.17,30254740
2014-11-10,14.19,14.2,13.95,14.0,36413339
2014-11-11,14.05,14.43,14.0,14.37,35345623
2014-11-12,14.32,14.63,14.26,14.58,36221067
2014-11-13,14.71,15.17,14.7,14.93,50292272
2014-11-14,15.01,15.26,14.98,15.14,37093171
2014-11-17,15.35,15.6,15.2,15.54,46517259
2014-11-18,15.7,15.75,15.25,15.5,43650757
2014-11-19,15.48,15.48,15.26,15.44,22633528
2014-11-20,15.37,15.65,15.28,15.46,21163158
2014-11-21,15.64,15.65,15.37,15.43,25609597
2014-11-24,15.51,15.69,15.5,15.67,32797852
2014-11-25,15.74,15.84,15.61,15.68,32253458
2014-11-26,15.65,15.68,15.52,15.61,20010508
2014-11-28,15.65,15.73,15.47,15.73,18620274
2014-12-01,15.78,15.89,15.7,15.77,30022014
2014-12-02,15.86,15.95,15.61,15.9,32313044
2014-12-03,15.88,16.13,15.88,16.01,37561091
2014-12-04,16.0,16.03,15.75,15.81,23369025
2014-12-05,15.9,15.94,15.63,15.7,29700293
2014-12-08,15.68,15.75,15.38,15.43,25519057
2014-12-09,15.05,15.43,14.75,15.43,23385340
2014-12-10,15.43,15.43,15.15,15.16,24615488
2014-12-11,15.17,15.49,15.03,15.28,30359260
2014-12-12,15.2,15.21,14.99,14.99,22684527
2014-12-15,14.86,14.92,14.27,14.28,47476393
2014-12-16,14.19,14.46,13.93,14.09,43879326
2014-12-17,14.17,14.52,14.11,14.45,29504188
2014-12-18,14.7,14.81,14.51,14.81,35542480
2014-12-19,14.79,15.05,14.74,15.03,40843451
2014-12-22,15.08,15.24,15.0,15.22,25366758
2014-12-23,15.21,15.45,15.21,15.33,20828661
2014-12-24,15.37,15.38,15.25,15.3,7128841
2014-12-26,15.3,15.48,15.26,15.45,11666422
2014-12-29,15.37,15.68,15.34,15.52,19137473
2014-12-30,15.48,15.6,15.44,15.5,14795048
2014-12-31,15.51,15.64,15.47,15.5,17930162
2015-01-02,15.59,15.65,15.18,15.36,24777911
2015-01-05,15.12,15.13,14.69,14.76,44079745
2015-01-06,14.88,14.9,14.38,14.62,32981627
2015-01-07,14.78,15.09,14.77,15.04,26065329
2015-01-08,15.4,15.48,15.23,15.42,33943398
2015-01-09,15.46,15.47,15.06,15.21,23420750
2015-01-12,15.31,15.32,15.11,15.22,22750784
2015-01-13,15.38,15.48,15.08,15.21,26279378
2015-01-14,15.07,15.16,14.83,15.11,36798274
2015-01-15,15.12,15.16,14.8,14.86,24981340
2015-01-16,14.81,15.04,14.75,15.02,32089873
2015-01-20,15.08,15.13,14.75,15.01,28553722
2015-01-21,14.98,15.11,14.88,14.97,23281464
2015-01-22,15.01,15.07,14.9,15.03,23669219
2015-01-23,15.02,15.08,14.89,14.91,21620561
2015-01-26,14.98,15.15,14.96,15.08,25237196
2015-01-27,14.96,14.99,14.72,14.85,34609134
2015-01-28,14.83,14.83,14.42,14.46,40579776
2015-01-29,14.62,14.96,14.3,14.85,40731076
2015-01-30,14.75,14.89,14.63,14.71,30439659
2015-02-02,14.75,15.3,14.74,15.27,40371750
2015-02-03,15.47,15.79,15.44,15.65,48335448
2015-02-04,15.68,16.02,15.65,15.87,41179483
2015-02-05,16.01,16.02,15.75,15.85,25713222
2015-02-06,15.84,16.0,15.77,15.86,28187680
2015-02-09,15.76,16.03,15.72,15.92,20286720
2015-02-10,16.05,16.14,15.91,16.09,27928530
2015-02-11,16.08,16.31,16.01,16.25,34285331
2015-02-12,16.34,16.45,16.3,16.36,23738806
2015-02-13,16.33,16.36,16.19,16.3,19954568
2015-02-17,16.21,16.3,16.0,16.11,44362323
2015-02-18,16.16,16.33,16.06,16.21,22812702
2015-02-19,16.19,16.48,16.17,16.43,24863932
2015-02-20,16.39,16.46,16.25,16.4,21523627
2015-02-23,16.33,16.45,16.29,16.38,19016756
2015-02-24,16.36,16.42,16.28,16.36,17672510
2015-02-25,16.34,16.62,16.34,16.51,23320169
2015-02-26,16.4,16.57,16.37,16.38,20799991
2015-02-27,16.38,16.4,16.22,16.34,20336962
2015-03-02,16.41,16.59,16.4,16.57,26341113
2015-03-03,16.07,16.3,16.06,16.17,37688950
2015-03-04,16.09,16.14,15.93,16.03,25659401
2015-03-05,16.09,16.23,16.09,16.11,16548157
2015-03-06,16.04,16.2,15.91,15.93,24420536
2015-03-09,15.98,16.1,15.93,16.03,17132373
2015-03-10,15.94,15.95,15.69,15.72,31687721
2015-03-11,15.77,15.85,15.7,15.75,20638698
2015-03-12,15.88,16.23,15.86,16.17,31172242
2015-03-13,16.16,16.25,16.0,16.2,27877722
2015-03-16,16.26,16.5,16.24,16.49,37731651
2015-03-17,16.39,16.49,16.36,16.39,20917650
2015-03-18,16.31,16.51,16.11,16.46,33748031
2015-03-19,16.42,16.46,16.28,16.34,18021525
2015-03-20,16.35,16.54,16.34,16.48,42096844
2015-03-23,16.47,16.74,16.46,16.57,30708965
2015-03-24,16.58,16.69,16.47,16.56,16661833
2015-03-25,16.53,16.55,16.18,16.18,21996193
2015-03-26,16.11,16.17,15.96,16.01,33327882
2015-03-27,16.06,16.1,15.85,15.98,53270387
2015-03-30,16.12,16.28,16.05,16.16,20537646
2015-03-31,16.12,16.29,16.08,16.14,21792601
2015-04-01,16.16,16.16,15.85,15.91,27365883
2015-04-02,15.93,16.04,15.85,16.03,15925403
2015-04-06,15.95,16.11,15.9,16.0,18522130
2015-04-07,15.95,15.97,15.78,15.9,26616660
2015-04-08,15.97,16.09,15.95,15.98,25147004
2015-04-09,16.0,16.07,15.88,15.95,23461885
2015-04-10,15.97,16.05,15.95,16.03,17657738
2015-04-13,16.0,16.08,15.87,15.87,22521087
2015-04-14,15.9,16.05,15.89,15.97,21745933
2015-04-15,16.01,16.08,16.0,16.07,25503494
2015-04-16,16.04,16.09,15.93,15.94,23494438
2015-04-17,15.88,15.88,15.71,15.76,32148969
2015-04-20,15.89,15.92,15.82,15.91,15250750
2015-04-21,15.92,15.98,15.76,15.82,18509477
2015-04-22,15.83,15.93,15.72,15.91,20312095
2015-04-23,15.84,15.9,15.7,15.76,28458010
2015-04-24,15.73,15.87,15.7,15.77,20293343
2015-04-27,15.82,16.0,15.77,15.9,34824893
2015-04-28,15.93,16.08,15.77,16.06,56634179
2015-04-29,15.86,16.1,15.82,16.02,35126941
2015-04-30,15.97,16.04,15.74,15.8,30269257
2015-05-01,15.9,15.94,15.7,15.81,20602237
2015-05-04,15.81,15.88,15.75,15.78,15078652
2015-05-05,15.77,15.82,15.52,15.53,32248886
2015-05-06,15.61,15.66,15.4,15.48,26381151
2015-05-07,15.46,15.56,15.14,15.51,26996629
2015-05-08,15.62,15.71,15.59,15.67,21336832
2015-05-11,15.65,15.84,15.64,15.65,17249812
2015-05-12,15.59,15.64,15.5,15.56,17669966
2015-05-13,15.54,15.62,15.37,15.41,20890438
2015-05-14,15.5,15.54,15.2,15.27,28794716
2015-05-15,15.27,15.49,15.27,15.48,18937706
2015-05-18,15.47,15.64,15.45,15.58,19491927
2015-05-19,15.59,15.62,15.44,15.5,15145265
2015-05-20,15.54,15.56,15.26,15.3,22391452
2015-05-21,15.28,15.55,15.26,15.51,23962037
2015-05-22,15.5,15.5,15.27,15.27,24795803
2015-05-26,15.27,15.34,15.15,15.19,25002893
2015-05-27,15.23,15.37,15.2,15.32,18763920
2015-05-28,15.28,15.34,15.24,15.29,13958970
2015-05-29,15.31,15.4,15.16,15.17,19060378
2015-06-01,15.33,15.45,15.19,15.36,26685260
2015-06-02,15.44,15.5,15.21,15.26,34974694
2015-06-03,15.29,15.32,15.12,15.2,24311566
2015-06-04,15.13,15.17,15.01,15.05,23428404
2015-06-05,15.02,15.02,14.78,14.78,44736948
2015-06-08,14.83,15.01,14.8,14.9,30240562
2015-06-09,14.92,15.01,14.84,14.88,20454699
2015-06-10,15.01,15.08,14.95,15.03,20961099
2015-06-11,15.11,15.35,15.08,15.28,27187071
2015-06-12,15.2,15.35,15.18,15.23,19847251
2015-06-15,15.06,15.11,14.97,15.05,23825392
2015-06-16,15.01,15.04,14.93,15.0,23359525
2015-06-17,15.01,15.08,14.86,15.02,25842087
2015-06-18,15.03,15.24,15.0,15.14,21360535
2015-06-19,15.09,15.25,15.06,15.11,24675084
2015-06-22,15.14,15.25,15.1,15.13,18863779
2015-06-23,15.23,15.41,15.22,15.29,21177833
2015-06-24,15.5,15.66,15.42,15.5,35400953
2015-06-25,15.52,15.56,15.39,15.44,23994370
2015-06-26,15.43,15.49,15.35,15.4,20428211
2015-06-29,15.23,15.3,14.92,15.02,38117410
2015-06-30,15.17,15.18,14.9,15.01,28509259
2015-07-01,15.14,15.17,14.8,14.99,31744459
2015-07-02,15.01,15.08,14.81,14.87,18482431
2015-07-06,14.75,14.9,14.7,14.79,22609802
2015-07-07,14.77,14.9,14.52,14.85,28151303
2015-07-08,14.67,14.72,14.27,14.37,42278529
2015-07-09,14.6,14.62,14.27,14.33,29660726
2015-07-10,14.48,14.54,14.33,14.48,20093588
2015-07-13,14.64,14.65,14.42,14.64,19864009
2015-07-14,14.71,14.86,14.59,14.81,20830698
2015-07-15,14.83,14.86,14.61,14.75,21892051
2015-07-16,14.74,14.79,14.45,14.57,33938913
2015-07-17,14.51,14.69,14.48,14.69,31718036
2015-07-20,14.71,14.75,14.53,14.57,25428174
2015-07-21,14.53,14.55,14.45,14.51,19334653
2015-07-22,14.49,14.51,14.35,14.42,30909685
2015-07-23,14.75,14.87,14.59,14.61,29440367
2015-07-24,14.72,14.73,14.32,14.39,26050943
2015-07-27,14.35,14.6,14.23,14.55,43857237
2015-07-28,14.96,15.0,14.6,14.83,56398516
2015-07-29,14.83,15.3,14.81,15.21,52125435
2015-07-30,15.21,15.3,14.96,15.1,34980315
2015-07-31,15.18,15.19,14.73,14.83,32654355
2015-08-03,14.97,15.04,14.85,14.94,26702280
2015-08-04,14.94,15.0,14.84,14.91,18845048
2015-08-05,14.99,15.04,14.72,14.8,22489961
2015-08-06,14.8,14.88,14.62,14.83,26811438
2015-08-07,14.85,14.92,14.75,14.8,14279247
2015-08-10,14.86,15.0,14.81,14.99,16804929
2015-08-11,14.8,14.8,14.61,14.7,26971290
2015-08-12,14.55,14.71,14.37,14.68,21109693
2015-08-13,14.64,14.85,14.59,14.71,20560719
2015-08-14,14.73,14.83,14.68,14.78,18398886
2015-08-17,14.76,14.77,14.57,14.68,16028273
2015-08-18,14.69,14.84,14.66,14.83,16853787
2015-08-19,14.78,14.98,14.76,14.77,22521886
2015-08-20,14.71,14.71,14.4,14.43,24056480
2015-08-21,14.29,14.38,13.84,13.86,41795912
2015-08-24,12.24,13.48,10.44,13.19,58785885
2015-08-25,13.85,13.86,12.9,12.9,46730305
2015-08-26,13.18,13.35,12.77,13.21,48278870
2015-08-27,13.46,13.67,13.23,13.56,41039302
2015-08-28,13.54,13.84,13.53,13.74,25569991
2015-08-31,13.76,13.94,13.51,13.87,37668486
2015-09-01,13.94,14.15,13.6,13.72,50134260
2015-09-02,13.99,14.0,13.63,13.87,29494866
2015-09-03,13.94,14.07,13.78,13.84,27140197
2015-09-04,13.68,13.7,13.4,13.56,30984667
2015-09-08,13.77,13.78,13.54,13.67,29705237
2015-09-09,13.81,13.84,13.47,13.53,30610587
2015-09-10,13.52,13.83,13.35,13.73,38591289
2015-09-11,13.75,13.81,13.53,13.71,22749982
2015-09-14,13.72,13.79,13.63,13.78,26082098
2015-09-15,13.8,14.37,13.79,14.31,46452435
2015-09-16,14.32,14.76,14.25,14.64,41608096
2015-09-17,14.61,14.88,14.46,14.6,37091278
2015-09-18,14.44,14.48,14.21,14.28,40295787
2015-09-21,14.2,14.43,14.15,14.32,20638120
2015-09-22,14.01,14.05,13.73,13.92,43570619
2015-09-23,13.93,13.95,13.51,13.68,31491054
2015-09-24,13.57,13.7,13.27,13.65,32266254
2015-09-25,13.87,13.87,13.51,13.53,35955654
2015-09-28,13.46,13.5,13.06,13.12,40275100
2015-09-29,13.14,13.21,13.01,13.15,44175810
2015-09-30,13.37,13.58,13.27,13.57,40186051
2015-10-01,13.76,13.78,13.47,13.67,32730152
2015-10-02,13.5,14.01,13.42,13.99,29983201
2015-10-05,14.12,14.27,13.9,14.19,38206294
2015-10-06,14.19,14.44,14.15,14.31,26904932
2015-10-07,14.49,14.75,14.46,14.75,33398677
2015-10-08,14.72,15.01,14.68,14.99,25899636
2015-10-09,15.03,15.1,14.82,14.97,28509060
2015-10-12,14.98,15.0,14.85,14.98,14364821
2015-10-13,14.88,15.1,14.83,14.94,30568540
2015-10-14,14.94,15.04,14.86,15.01,22270826
2015-10-15,15.2,15.23,14.99,15.22,27178130
2015-10-16,15.25,15.29,15.11,15.28,24090296
2015-10-19,15.23,15.36,15.15,15.36,17771177
2015-10-20,15.27,15.6,15.27,15.38,29255522
2015-10-21,15.6,15.69,15.35,15.41,34040571
2015-10-22,15.49,15.63,15.4,15.58,23382576
2015-10-23,15.71,15.75,15.49,15.67,28480282
2015-10-26,15.73,15.84,15.57,15.68,37149191
2015-10-27,15.01,15.15,14.8,14.89,63750134
2015-10-28,14.78,15.0,14.67,14.97,34384093
2015-10-29,14.94,14.96,14.61,14.73,32017724
2015-10-30,14.74,14.95,14.63,14.81,29146869
2015-11-02,14.79,14.9,14.71,14.75,30251056
2015-11-03,14.78,14.87,14.72,14.81,25737651
2015-11-04,14.83,14.86,14.64,14.65,27085537
2015-11-05,14.7,14.71,14.5,14.57,21840126
2015-11-06,14.51,14.55,14.38,14.52,24054185
2015-11-09,14.52,14.53,14.26,14.33,25232933
2015-11-10,14.33,14.34,14.14,14.28,21813983
2015-11-11,14.28,14.38,14.18,14.31,16867406
2015-11-12,14.21,14.27,14.02,14.04,20105585
2015-11-13,14.02,14.07,13.89,13.92,25097350
2015-11-16,13.85,14.08,13.85,14.04,22604128
2015-11-17,14.02,14.37,14.01,14.15,25181130
2015-11-18,14.23,14.5,14.18,14.46,26218352
2015-11-19,14.45,14.63,14.42,14.57,23556867
2015-11-20,14.62,14.76,14.54,14.6,18544119
2015-11-23,14.6,14.73,14.51,14.55,18250361
2015-11-24,14.41,14.63,14.32,14.55,21122890
2015-11-25,14.54,14.68,14.52,14.55,12626958
2015-11-27,14.54,14.59,14.5,14.53,7760586
2015-11-30,14.54,14.55,14.29,14.33,27308889
2015-12-01,14.32,14.56,14.29,14.56,29098840
2015-12-02,14.6,14.62,14.24,14.26,21281111
2015-12-03,14.31,14.34,13.93,13.98,29847334
2015-12-04,14.08,14.26,14.0,14.2,28354070
2015-12-07,14.19,14.2,14.02,14.12,14530576
2015-12-08,14.03,14.1,13.88,13.97,30356873
2015-12-09,13.91,14.14,13.8,13.89,25196945
2015-12-10,13.91,14.09,13.89,13.96,22039330
2015-12-11,13.84,13.92,13.58,13.64,29576404
2015-12-14,13.66,13.74,13.4,13.62,26707529
2015-12-15,13.74,14.0,13.72,13.87,43728526
2015-12-16,14.0,14.36,13.99,14.36,40683751
2015-12-17,14.37,14.38,13.95,13.98,26179792
2015-12-18,13.88,13.91,13.72,13.8,40453028
2015-12-21,13.89,13.95,13.67,13.73,31598047
2015-12-22,13.93,14.25,13.9,14.2,50646613
2015-12-23,14.27,14.38,14.26,14.36,22172288
2015-12-24,14.35,14.37,14.25,14.31,9000079
2015-12-28,14.28,14.34,14.16,14.18,13697485
2015-12-29,14.28,14.3,14.15,14.23,18867839
2015-12-30,14.23,14.26,14.12,14.17,13800289
2015-12-31,14.14,14.16,14.04,14.09,19881021
2016-01-04,13.87,14.0,13.75,13.97,38525811
2016-01-05,13.97,14.0,13.51,13.72,50267536
2016-01-06,13.56,13.56,13.05,13.11,61285453
2016-01-07,12.9,13.04,12.6,12.7,57846688
2016-01-08,13.05,13.1,12.5,12.54,46199413
2016-01-11,12.8,12.82,12.55,12.77,41269121
2016-01-12,13.03,13.04,12.58,12.85,50983684
2016-01-13,12.73,12.84,12.06,12.2,101856311
2016-01-14,12.19,12.31,11.82,12.19,62673239
2016-01-15,11.81,12.0,11.58,11.97,68054511
2016-01-19,12.15,12.16,11.82,11.95,41069755
2016-01-20,11.79,12.07,11.47,11.9,59416563
2016-01-21,12.01,12.28,11.86,12.01,48810090
2016-01-22,12.26,12.36,12.03,12.14,44489891
2016-01-25,12.3,12.31,11.93,11.98,38629547
2016-01-26,12.14,12.3,12.04,12.26,45866011
2016-01-27,12.05,12.1,11.73,11.85,41899665
2016-01-28,12.03,12.06,11.2,11.71,75590463
2016-01-29,11.83,11.94,11.65,11.94,51849398
2016-02-01,11.92,12.14,11.73,12.07,37247197
2016-02-02,11.95,12.08,11.45,11.51,55553669
2016-02-03,11.67,11.68,11.02,11.46,69385537
2016-02-04,11.37,11.69,11.26,11.53,40103464
2016-02-05,11.52,11.7,11.42,11.45,33169448
2016-02-08,11.39,11.69,11.25,11.59,45192385
2016-02-09,11.47,11.61,11.22,11.35,48346155
2016-02-10,11.46,11.57,11.33,11.34,38151198
2016-02-11,11.17,11.43,11.1,11.17,45603275
2016-02-12,11.25,11.58,11.18,11.55,27971619
2016-02-16,11.75,11.88,11.52,11.87,40315499
2016-02-17,11.99,12.3,11.98,12.27,37725286
2016-02-18,12.4,12.44,12.12,12.26,28780983
2016-02-19,12.19,12.22,12.01,12.1,26460195
2016-02-22,12.24,12.56,12.24,12.56,33477104
2016-02-23,12.53,12.65,12.42,12.42,30020537
2016-02-24,12.11,12.11,11.6,12.08,60532846
2016-02-25,12.11,12.4,12.05,12.39,31997165
2016-02-26,12.52,12.59,12.4,12.47,30201462
2016-02-29,12.42,12.65,12.39,12.51,32545315
2016-03-01,13.01,13.12,12.72,13.09,71498480
2016-03-02,13.06,13.35,13.04,13.22,36580836
2016-03-03,13.25,13.61,13.24,13.54,44496263
2016-03-04,13.56,13.86,13.43,13.59,31794087
2016-03-07,13.46,13.74,13.45,13.62,26096603
2016-03-08,13.51,13.58,13.15,13.23,34701958
2016-03-09,13.25,13.32,13.01,13.19,34132639
2016-03-10,13.25,13.28,12.92,13.15,39047220
2016-03-11,13.26,13.3,13.2,13.29,27509422
2016-03-14,13.28,13.37,13.18,13.27,20552543
2016-03-15,13.12,13.24,13.05,13.23,27729905
2016-03-16,13.21,13.51,13.18,13.5,46965382
2016-03-17,13.47,13.68,13.39,13.47,31447964
2016-03-18,13.54,13.7,13.49,13.64,32166513
2016-03-21,13.64,13.76,13.56,13.66,20825351
2016-03-22,13.65,13.73,13.51,13.59,26012155
2016-03-23,13.57,13.6,13.19,13.26,31478751
2016-03-24,13.11,13.12,12.78,13.06,36191380
2016-03-28,13.13,13.17,13.07,13.09,18651168
2016-03-29,13.05,13.2,12.97,13.2,26055638
2016-03-30,13.28,13.44,13.24,13.35,25278172
2016-03-31,13.34,13.52,13.34,13.5,32919961
2016-04-01,13.28,13.33,13.05,13.1,57856805
2016-04-04,13.11,13.12,12.76,12.8,42322760
2016-04-05,12.73,12.85,12.52,12.77,32265978
2016-04-06,12.75,12.87,12.65,12.82,22586290
2016-04-07,12.77,12.79,12.39,12.52,37373470
2016-04-08,12.62,12.78,12.51,12.55,20003807
2016-04-11,12.61,12.8,12.58,12.66,27653958
2016-04-12,12.72,12.84,12.66,12.81,23386607
2016-04-13,12.87,13.12,12.85,13.06,29324137
2016-04-14,13.09,13.18,13.02,13.09,22422565
2016-04-15,13.1,13.12,12.85,12.94,22532984
2016-04-18,12.98,13.28,12.95,13.25,30105551
2016-04-19,13.35,13.5,13.28,13.44,28793398
2016-04-20,13.42,13.72,13.4,13.64,32147342
2016-04-21,13.81,13.88,13.56,13.65,38048649
2016-04-22,13.63,13.78,13.51,13.61,28834418
2016-04-25,13.59,13.65,13.47,13.58,19469317
2016-04-26,13.66,13.82,13.63,13.75,35100624
2016-04-27,13.64,13.71,13.59,13.66,27102169
2016-04-28,13.79,14.22,13.71,14.09,87525720
2016-04-29,13.93,14.03,13.53,13.56,69251740
2016-05-02,13.67,13.79,13.6,13.62,57834795
2016-05-03,13.5,13.55,13.15,13.43,45460077
2016-05-04,13.29,13.38,13.14,13.31,28856966
2016-05-05,13.35,13.43,13.22,13.32,23784908
2016-05-06,13.26,13.48,13.24,13.44,23259797
2016-05-09,13.42,13.5,13.28,13.32,21530380
2016-05-10,13.38,13.52,13.38,13.49,23499581
2016-05-11,13.44,13.54,13.3,13.32,20113597
2016-05-12,13.4,13.47,13.17,13.35,24781444
2016-05-13,13.34,13.52,13.17,13.22,27398304
2016-05-16,13.22,13.38,13.21,13.32,21212354
2016-05-17,13.14,13.31,13.07,13.14,34091175
2016-05-18,13.12,13.34,13.05,13.16,23479362
2016-05-19,13.1,13.2,13.02,13.09,23733238
2016-05-20,13.15,13.26,13.13,13.19,19460822
2016-05-23,13.14,13.2,13.11,13.13,16229426
2016-05-24,13.16,13.3,13.16,13.29,19652425
2016-05-25,13.33,13.6,13.33,13.52,26144913
2016-05-26,13.59,13.68,13.37,13.46,18363763
2016-05-27,13.48,13.54,13.4,13.45,17247904
2016-05-31,13.49,13.56,13.4,13.49,26096015
2016-06-01,13.43,13.44,12.97,13.11,58219591
2016-06-02,13.09,13.32,13.04,13.21,41614613
2016-06-03,13.14,13.14,12.9,13.04,39850658
2016-06-06,13.08,13.21,13.04,13.18,25588674
2016-06-07,13.23,13.45,13.18,13.38,27656945
2016-06-08,13.45,13.49,13.35,13.36,18084759
2016-06-09,13.26,13.3,13.14,13.26,19873758
2016-06-10,13.17,13.25,13.05,13.1,27382718
2016-06-13,13.07,13.13,12.96,12.98,20745750
2016-06-14,12.99,13.07,12.76,12.84,30545958
2016-06-15,12.91,13.16,12.88,13.01,25829659
2016-06-16,12.93,13.14,12.85,13.12,26581169
2016-06-17,13.16,13.4,13.15,13.26,37364863
2016-06-20,13.39,13.55,13.39,13.42,29666741
2016-06-21,13.44,13.44,13.18,13.22,36721839
2016-06-22,13.23,13.31,13.15,13.18,20666602
2016-06-23,13.29,13.41,13.28,13.4,24579723
2016-06-24,12.79,12.9,12.45,12.52,96887304
2016-06-27,12.43,12.43,12.0,12.16,52820912
2016-06-28,12.42,12.44,12.21,12.39,40640389
2016-06-29,12.49,12.58,12.36,12.55,31937932
2016-06-30,12.56,12.57,12.26,12.57,44983767
2016-07-01,12.88,12.89,12.68,12.72,45067772
2016-07-05,12.57,12.59,12.31,12.4,30243293
2016-07-06,12.32,12.58,12.21,12.57,35091212
2016-07-07,12.57,12.84,12.57,12.75,33472953
2016-07-08,12.89,13.17,12.89,13.09,45945187
2016-07-11,13.17,13.33,13.13,13.27,28626257
2016-07-12,13.38,13.54,13.38,13.45,31320103
2016-07-13,13.49,13.51,13.31,13.48,26779837
2016-07-14,13.57,13.7,13.55,13.59,31802953
2016-07-15,13.63,13.67,13.53,13.57,19546317
2016-07-18,13.56,13.68,13.42,13.65,22545937
2016-07-19,13.56,13.72,13.5,13.65,26183383
2016-07-20,13.61,13.78,13.56,13.74,22588923
2016-07-21,13.87,14.04,13.86,13.92,40778639
2016-07-22,13.92,13.93,13.71,13.84,25134104
2016-07-25,13.86,13.95,13.76,13.83,26248463
2016-07-26,13.73,13.88,13.69,13.86,28467227
2016-07-27,13.86,13.99,13.75,13.84,34625494
2016-07-28,12.78,12.86,12.45,12.71,142168574
2016-07-29,12.61,12.88,12.6,12.66,59754088
2016-08-01,12.61,12.62,12.4,12.48,51963117
2016-08-02,12.35,12.36,11.9,11.94,101624914
2016-08-03,12.02,12.2,11.94,12.13,47323303
2016-08-04,12.12,12.23,12.05,12.08,38443181
2016-08-05,12.16,12.26,12.16,12.19,31219542
2016-08-08,12.22,12.33,12.15,12.18,33310587
2016-08-09,12.16,12.38,12.15,12.31,30097768
2016-08-10,12.3,12.36,12.23,12.25,24555796
2016-08-11,12.31,12.37,12.26,12.31,24987265
2016-08-12,12.29,12.37,12.25,12.33,18816854
2016-08-15,12.37,12.44,12.36,12.43,16371100
2016-08-16,12.35,12.43,12.33,12.34,20450106
2016-08-17,12.33,12.39,12.23,12.39,23434544
2016-08-18,12.33,12.36,12.26,12.33,23629454
2016-08-19,12.3,12.41,12.25,12.39,21891446
2016-08-22,12.35,12.38,12.29,12.36,22458375
2016-08-23,12.4,12.43,12.32,12.42,34634133
2016-08-24,12.41,12.44,12.28,12.3,19999632
2016-08-25,12.3,12.52,12.21,12.47,44713676
2016-08-26,12.47,12.55,12.34,12.38,22645892
2016-08-29,12.38,12.5,12.38,12.47,22243199
2016-08-30,12.46,12.56,12.43,12.55,26040411
2016-08-31,12.48,12.61,12.48,12.6,26030649
2016-09-01,12.66,12.72,12.35,12.44,40510406
2016-09-02,12.53,12.57,12.46,12.5,21025125
2016-09-06,12.49,12.67,12.43,12.67,36098940
2016-09-07,12.62,12.75,12.62,12.7,22879114
2016-09-08,12.5,12.75,12.5,12.73,34017856
2016-09-09,12.61,12.68,12.38,12.38,35733644
2016-09-12,12.32,12.77,12.28,12.7,42690174
2016-09-13,12.53,12.68,12.33,12.38,56549095
2016-09-14,12.18,12.31,12.11,12.14,62450611
2016-09-15,12.14,12.18,12.06,12.11,57373928
2016-09-16,12.05,12.13,12.01,12.11,26271568
2016-09-19,12.12,12.33,12.06,12.11,41175453
2016-09-20,12.09,12.19,11.96,12.0,37820775
2016-09-21,12.08,12.11,12.01,12.09,32934639
2016-09-22,12.17,12.29,12.16,12.18,36136234
2016-09-23,12.12,12.22,12.12,12.17,18993510
2016-09-26,12.12,12.12,12.0,12.01,26758623
2016-09-27,12.02,12.09,11.93,11.98,28965759
2016-09-28,12.02,12.09,11.96,12.09,29341515
2016-09-29,12.03,12.12,11.95,11.97,23397424
2016-09-30,12.0,12.14,11.99,12.07,34903811
2016-10-03,12.06,12.15,12.02,12.1,20683081
2016-10-04,12.11,12.25,12.09,12.2,23948703
2016-10-05,12.22,12.53,12.22,12.48,55529059
2016-10-06,12.43,12.5,12.33,12.39,25880883
2016-10-07,12.39,12.42,12.2,12.29,22093202
2016-10-10,12.35,12.38,12.1,12.12,24951437
2016-10-11,12.17,12.17,11.91,11.99,40053504
2016-10-12,12.0,12.01,11.94,11.96,20626954
2016-10-13,11.91,11.91,11.69,11.91,39904190
2016-10-14,11.96,12.0,11.89,11.91,25775674
2016-10-17,11.91,12.0,11.88,11.88,19874994
2016-10-18,11.92,11.93,11.71,11.89,39911254
2016-10-19,11.89,12.05,11.88,12.01,26094001
2016-10-20,12.02,12.03,11.9,11.97,18115983
2016-10-21,11.93,12.04,11.85,12.02,24364204
2016-10-24,12.06,12.2,12.06,12.19,33733614
2016-10-25,12.05,12.1,11.76,11.85,42485988
2016-10-26,11.8,11.93,11.76,11.88,36219863
2016-10-27,11.81,11.83,11.6,11.74,48402031
2016-10-28,11.74,11.85,11.62,11.72,37142375
2016-10-31,11.75,11.81,11.69,11.74,31898380
2016-11-01,11.78,11.84,11.5,11.61,35613573
2016-11-02,11.51,11.56,11.36,11.4,36229377
2016-11-03,11.39,11.46,11.27,11.35,38651451
2016-11-04,11.31,11.5,11.3,11.34,24752417
2016-11-07,11.52,11.62,11.39,11.58,25120693
2016-11-08,11.5,11.51,11.35,11.48,28497894
2016-11-09,11.15,11.63,11.07,11.58,60625748
2016-11-10,11.58,11.98,11.58,11.94,52756533
2016-11-11,11.88,12.4,11.84,12.28,79259270
2016-11-14,12.27,12.5,12.02,12.06,56109928
2016-11-15,12.06,12.14,11.95,12.04,31498503
2016-11-16,12.0,12.05,11.92,12.0,25195460
2016-11-17,11.9,11.96,11.78,11.87,38462341
2016-11-18,11.87,11.9,11.73,11.76,30662036
2016-11-21,11.77,11.9,11.77,11.79,19508608
2016-11-22,11.76,11.91,11.73,11.89,24274734
2016-11-23,11.9,12.0,11.85,11.9,22418351
2016-11-25,11.95,12.06,11.93,12.04,11439553
2016-11-28,12.02,12.05,11.89,11.92,24407192
2016-11-29,11.93,12.0,11.87,11.92,23690847
2016-11-30,11.97,12.14,11.92,11.96,47646220
2016-12-01,12.23,12.8,12.18,12.43,95143559
2016-12-02,12.58,12.58,12.15,12.24,38689842
2016-12-05,12.31,12.5,12.29,12.44,36219973
2016-12-06,12.4,12.59,12.37,12.56,23923916
2016-12-07,12.59,13.15,12.54,13.06,58600423
2016-12-08,13.07,13.15,12.97,13.03,41459537
2016-12-09,13.0,13.2,12.91,13.17,45256112
2016-12-12,13.08,13.1,12.81,12.82,39596765
2016-12-13,12.84,12.88,12.75,12.77,39570500
2016-12-14,12.65,12.79,12.5,12.53,42820123
2016-12-15,12.54,12.72,12.52,12.58,23774842
2016-12-16,12.66,12.7,12.56,12.63,28354939
2016-12-19,12.59,12.8,12.59,12.66,22830013
2016-12-20,12.7,12.82,12.68,12.78,17834041
2016-12-21,12.73,12.77,12.64,12.64,18117060
2016-12-22,12.63,12.64,12.4,12.4,27821071
2016-12-23,12.43,12.46,12.36,12.46,15621178
2016-12-27,12.43,12.51,12.36,12.39,19467440
2016-12-28,12.37,12.45,12.22,12.25,26875381
2016-12-29,12.25,12.31,12.22,12.23,19819081
2016-12-30,12.24,12.28,12.08,12.13,27405736
